Year,Rate,Incidents,Mental,Depression
2004,5.69,3,87.33,64.25
2005,5.43,5,91.66,60.66
2006,4.97,9,76.25,57.75
2007,4.89,14,68.41,56.66
2008,5.75,9,67.25,55.25
2009,8.88,10,67.83,53.58
2010,9.18,3,65.66,50.33
2011,8.52,9,68.5,50.83
2012,7.65,21,68.16,48.83
2013,7.21,21,70.33333333333333,51.416666666666664
2014,6.09,17,76.33333333333333,53.083333333333336
2015,5.4,72,79.75,56.25
2016,5.16,76,82.0,58.333333333333336
2017,4.4,20,86.66666666666667,63.333333333333336
2018,4,17,91.25,73.58333333333333